Candidate,Domain,Mode,AUC,HTER,ACER,APCER,BPCER,Accuracy
M0,val,FULL,0.9974324417603333,0.02027737323742049,0.02027737323742049,0.023862788963460103,0.01669195751138088,0.9785
M0,val,FREQ_ZERO,0.9974324417603333,0.021023085392528618,0.021023085392528618,0.02535421327367636,0.01669195751138088,0.9775
M0,val,FREQ_SHUFFLE,0.9974109417133727,0.021421967842719235,0.021421967842719235,0.023117076808351976,0.019726858877086494,0.978
M0,val,SPATIAL_ZERO,0.825840566967554,0.24615120869869267,0.24615120869869267,0.22371364653243847,0.26858877086494687,0.7615
M0,lcc,FULL,0.6857766613291548,0.3521328834682192,0.3521328834682192,0.4112066409724281,0.2930591259640103,0.601010101010101
M0,lcc,FREQ_ZERO,0.6918855846785718,0.3396696280838993,0.3396696280838993,0.43255262377705306,0.2467866323907455,0.5866560340244551
M0,lcc,FREQ_SHUFFLE,0.6912240482220446,0.3432836901540054,0.3432836901540054,0.4115031129558257,0.2750642673521851,0.6026049973418395
M0,lcc,SPATIAL_ZERO,0.4829551473709642,0.4630301723119556,0.4630301723119556,0.1651348947524459,0.7609254498714653,0.7732589048378522
M1,val,FULL,0.997564836786354,0.020702282060247656,0.020702282060247656,0.018642803877703208,0.02276176024279211,0.98
M1,val,FREQ_ZERO,0.997629336927236,0.021833863479228124,0.021833863479228124,0.019388516032811335,0.024279210925644917,0.979
M1,val,FREQ_SHUFFLE,0.9975139156224999,0.02034243916901187,0.02034243916901187,0.01640566741237882,0.024279210925644917,0.981
M1,val,SPATIAL_ZERO,0.8990968848695117,0.2745109022211812,0.2745109022211812,0.06040268456375839,0.48861911987860396,0.7985
M1,lcc,FULL,0.6830112407847895,0.35896698186185927,0.35896698186185927,0.3631781796620219,0.35475578406169667,0.6376927166400851
M1,lcc,FREQ_ZERO,0.6943053752885648,0.34744191930931934,0.34744191930931934,0.3889712422176104,0.3059125964010283,0.6196172248803827
M1,lcc,FREQ_SHUFFLE,0.6905861380675361,0.34922837259745276,0.34922837259745276,0.3616958197450341,0.33676092544987146,0.6408825093035619
M1,lcc,SPATIAL_ZERO,0.513536727848627,0.5090347741058778,0.5090347741058778,0.048917877260598874,0.9691516709511568,0.8559276980329612
M2,val,FULL,0.9974573365515509,0.021755784361318475,0.021755784361318475,0.028337061894108874,0.015174506828528073,0.976
M2,val,FREQ_ZERO,0.9974233891089814,0.022900378966617216,0.022900378966617216,0.027591349739000747,0.018209408194233688,0.9755
M2,val,FREQ_SHUFFLE,0.9974437575745232,0.02288736578029894,0.02288736578029894,0.029082774049217,0.01669195751138088,0.975
M2,val,SPATIAL_ZERO,0.8729007750201139,0.49328859060402686,0.49328859060402686,0.9865771812080537,0.0,0.3385
M2,lcc,FULL,0.6894414056277851,0.3506897736981336,0.3506897736981336,0.4494515268307145,0.2519280205655527,0.5709728867623605
M2,lcc,FREQ_ZERO,0.6909443432916926,0.3441128971409888,0.3441128971409888,0.45686332641565375,0.23136246786632392,0.5664540138224349
M2,lcc,FREQ_SHUFFLE,0.6892935507054738,0.3511344816732299,0.3511344816732299,0.4503409427809072,0.2519280205655527,0.5701754385964912
M2,lcc,SPATIAL_ZERO,0.58275112282095,0.5,0.5,1.0,0.0,0.10340244550770866
M3,val,FULL,0.9973668100380324,0.02106212495148345,0.02106212495148345,0.020879940343027592,0.021244309559939303,0.979
M3,val,FREQ_ZERO,0.9974414944116852,0.02293941852557204,0.02293941852557204,0.023117076808351976,0.02276176024279211,0.977
M3,val,FREQ_SHUFFLE,0.9973611521309376,0.021088151324119998,0.021088151324119998,0.017897091722595078,0.024279210925644917,0.98
M3,val,SPATIAL_ZERO,0.8963324314629424,0.23480993392696095,0.23480993392696095,0.08873974645786727,0.38088012139605465,0.815
M3,lcc,FULL,0.6819541543041406,0.3570361032759011,0.3570361032759011,0.3747405870145271,0.3393316195372751,0.6289207868155237
M3,lcc,FREQ_ZERO,0.6910152221977491,0.34476795541793026,0.34476795541793026,0.40675956122146456,0.2827763496143959,0.6060606060606061
M3,lcc,FREQ_SHUFFLE,0.6886868882407322,0.34823568684327455,0.34823568684327455,0.37770530684850284,0.31876606683804626,0.6283891547049442
M3,lcc,SPATIAL_ZERO,0.5343499756496661,0.48253406569788665,0.48253406569788665,0.06018381262970649,0.9048843187660668,0.8524720893141946
M4,val,FULL,0.9976576264627104,0.020290386423738767,0.020290386423738767,0.02237136465324385,0.018209408194233688,0.979
M4,val,FREQ_ZERO,0.9975184419481757,0.022141653625190813,0.022141653625190813,0.027591349739000747,0.01669195751138088,0.976
M4,val,FREQ_SHUFFLE,0.997161993801197,0.020663242501292832,0.020663242501292832,0.023117076808351976,0.018209408194233688,0.9785
M4,val,SPATIAL_ZERO,0.8912799204271946,0.1912757335759444,0.1912757335759444,0.25205070842654737,0.13050075872534142,0.788
M4,lcc,FULL,0.6627231065995883,0.37798615498701693,0.37798615498701693,0.41921138452416246,0.33676092544987146,0.5893141945773525
M4,lcc,FREQ_ZERO,0.6869850323566016,0.3518249794031996,0.3518249794031996,0.45686332641565375,0.2467866323907455,0.5648591174906964
M4,lcc,FREQ_SHUFFLE,0.6824114375690212,0.3557393241505773,0.3557393241505773,0.42099021642454787,0.29048843187660667,0.5925039872408293
M4,lcc,SPATIAL_ZERO,0.40182928548727725,0.5665678680768267,0.5665678680768267,0.4930329083901571,0.6401028277634961,0.49175970228601806
