epoch,class,n,harmful_fraction,mean_harmful_margin_drop,worst_low_fraction,worst_mid_fraction,worst_high_fraction
1,Real,0,,,,,
1,Physical,0,,,,,
1,Digital,0,,,,,
2,Real,32747,0.7330442483280911,0.5213575088141039,0.3656518154334748,0.2555348581549455,0.37881332641157967
2,Physical,46289,0.402665860139558,0.33774254228546996,0.2597593380716801,0.17948108621918815,0.5607595757091317
2,Digital,20964,0.46064682312535776,0.38697371532103036,0.34387521465369203,0.2705590536157222,0.3855657317305858
3,Real,32747,0.6850093138302745,0.4368091268244381,0.2904082816746572,0.26100100772589857,0.4485907105994442
3,Physical,46289,0.35062325822549634,0.4058669165997908,0.22180215601978873,0.20093326708289228,0.577264576897319
3,Digital,20964,0.40483686319404694,0.4774832897449222,0.265359664186224,0.30523755008586145,0.4294027857279145
4,Real,32747,0.6479677527712462,0.38593337900918695,0.26176443643692554,0.35184902433810733,0.3863865392249672
4,Physical,46289,0.34496316619499234,0.39030651552583984,0.21063319579165676,0.22424334075050228,0.5651234634578409
4,Digital,20964,0.3504579278763595,0.5426701680241564,0.24866437702728486,0.28544170959740506,0.46589391337531005
5,Real,32747,0.6261031544874339,0.36483026436931915,0.24515222768497877,0.34335969707148745,0.41148807524353376
5,Physical,46289,0.35498714597420555,0.36348606857172816,0.2068742033744518,0.23018427704206182,0.5629415195834864
5,Digital,20964,0.34764357946956687,0.47993071583374664,0.22719900782293456,0.28816065636328947,0.484640335813776
6,Real,32747,0.6013069899532781,0.34445215845585087,0.2745900387821785,0.31007420527071183,0.41533575594710964
6,Physical,46289,0.39279310419322083,0.32043448092192395,0.22757026507377562,0.21830240445894272,0.5541273304672817
6,Digital,20964,0.37817210456019845,0.3720666793833828,0.2144151879412326,0.2811963365769891,0.5043884754817782
7,Real,32747,0.5800836717867286,0.3290362648397628,0.24744251381805968,0.3139218859742877,0.43863560020765263
7,Physical,46289,0.4012616388342803,0.30035503350637105,0.21927455767028883,0.22512908034306206,0.5555963619866491
7,Digital,20964,0.3879507727532914,0.3440922661987337,0.2002480442663614,0.284535394008777,0.5152165617248616
8,Real,32747,0.5781903685833817,0.33612607620177204,0.24988548569334595,0.3237853849207561,0.42632912938589795
8,Physical,46289,0.4091252781438355,0.284753714208052,0.21862645552939144,0.27498973838276913,0.5063838060878394
8,Digital,20964,0.38446861286014117,0.33325825749940374,0.1822171341347071,0.2894962793360046,0.5282865865292883
9,Real,32747,0.5724799218249,0.3270191789697175,0.25642043545973675,0.29773719730051607,0.44584236723974713
9,Physical,46289,0.41564950636220266,0.27838214562737273,0.194257815031649,0.3015835295642593,0.5041586554040917
9,Digital,20964,0.3985880557145583,0.3302322030495433,0.17487120778477389,0.2784296889906506,0.5466991032245755
10,Real,32747,0.5552875072525728,0.33322468723854304,0.24909151983387792,0.31502122331816657,0.43588725684795554
10,Physical,46289,0.42366436950463393,0.28107663433930247,0.2224934649700793,0.3395407116161507,0.43796582341377
10,Digital,20964,0.39854035489410417,0.3304193683329776,0.1874165235642053,0.29636519748139667,0.516218278954398
11,Real,32747,0.5555623415885425,0.3270933643677181,0.22624973279995114,0.30692887898128074,0.4668213882187681
11,Physical,46289,0.43355872885566765,0.280540153426531,0.20516753440342198,0.32739959817667263,0.46743286741990536
11,Digital,20964,0.4078897157031101,0.3111133931213172,0.17215226101888953,0.2964605991223049,0.5313871398588056
12,Real,32747,0.5487525574861819,0.3207602170154527,0.25300027483433596,0.3112651540599139,0.43573457110575015
12,Physical,46289,0.41539026550584374,0.26991780945732463,0.20093326708289228,0.369526237335004,0.4295404955821037
12,Digital,20964,0.40736500667811487,0.3129713333043896,0.17434649875977867,0.3077656935699294,0.517887807670292
