epoch,ce_clean,ce_worst,classification_loss,margin_loss,total_loss,harmful_fraction,mean_harmful_margin_drop,mean_clean_aligned_margin,mean_worst_aligned_margin,mean_gain,clipping_fraction,worst_low_fraction,worst_mid_fraction,worst_high_fraction
1,0.6259001285752372,,0.6259001285752372,0.0,0.6259001285752372,,,,,,,,,
2,0.55801205870593,0.5745740945991653,0.5662930765572716,0.08119726537838769,0.5825325306647878,0.52301,0.4311079208724269,4.107809933166504,4.044680007858276,0.7001717845916748,0.009190803351998329,0.31207,0.22348,0.46445
3,0.5330385506305548,0.550044484836671,0.5415415183433792,0.07646509051999396,0.5568345368594465,0.47149,0.4334794606618172,4.93864319152832,4.978060329589844,0.7003401075744629,0.009878855471163989,0.2534,0.24247,0.50413
4,0.5121873366787001,0.5295350928898053,0.5208612150700805,0.06902855939810615,0.5346669273836838,0.44534,0.4133590645862267,5.205171289978027,5.315893056793213,0.6999900079345703,0.009960108596235513,0.23535,0.27886,0.48579
5,0.4821512082501141,0.49833691093470434,0.49024406090721756,0.05958461309866527,0.5021609835841162,0.44223,0.38329948277097464,5.0403335482788085,5.159581591339111,0.6999894618606567,0.009935281518101692,0.22367,0.2794,0.49693
6,0.4314160587842507,0.4432644712574342,0.43734026526855996,0.046276592622127605,0.4465955837303415,0.45801,0.33969764457420787,4.406857934417725,4.447503358764648,0.6998874977874756,0.009636542447209358,0.24021,0.26154,0.49825
7,0.41295212511058965,0.4247276705625417,0.4188398980271176,0.04142632399259321,0.4271251631286138,0.45703,0.3200592886287034,4.203660394744873,4.2405172898864745,0.6996380627632142,0.01005708150178194,0.22451,0.26666,0.50883
8,0.39964129529950565,0.4110266364291501,0.4053339660548798,0.04038354791962849,0.4134106753808458,0.45932,0.31444175147038556,4.078114614257813,4.106440335693359,0.7004382665061951,0.010084775259494782,0.22123,0.29401,0.48476
9,0.3887960948145298,0.39970624222017614,0.3942511685364082,0.03905321179491365,0.40206181046450534,0.46343,0.3074061097642527,4.028244327239991,4.05252328453064,0.6999505007171631,0.010354681006073951,0.21055,0.29547,0.49398
10,0.383177860199338,0.39278266493164365,0.3879802633276986,0.03968243822431587,0.39591675082131117,0.4615,0.3105569966151939,4.060549489746093,4.08425457824707,0.6995143725967408,0.01008158933609724,0.22385,0.32246,0.45369
11,0.37595118963352553,0.3858078273818316,0.38087950860295455,0.03902053113316979,0.3886836152095014,0.46813,0.30421678894589266,4.005736818847656,4.023440111541748,0.7002394694519043,0.010430999728441238,0.20515,0.31421,0.48064
12,0.3685159865014084,0.3790401088459717,0.3737780480357387,0.036684328870004626,0.38111491398433284,0.45738,0.29793204556056097,3.9453423987579344,3.971592351989746,0.7000923171615601,0.010216651321649551,0.21241,0.3375,0.45009
