epoch,train_loss,val_acer,val_auc,val_threshold,seconds
1,0.6259001285752372,0.05425646691560507,0.986082562510185,0.007592827081680298,274.7782191360002
2,0.5825325306647878,0.041924177125236786,0.9912145449869877,-0.5101100504398346,290.66354882199994
3,0.5568345368594465,0.04274900647709439,0.9908953375201022,0.6379617154598236,269.46884055400005
4,0.5346669273836838,0.03633732047907376,0.9930006669498106,1.1336328983306885,267.0613459169999
5,0.5021609835841162,0.029378198414352186,0.9935948276169775,0.7725549638271332,277.2185645720001
6,0.4465955837303415,0.023310655130725128,0.9958084786657633,-0.36277034878730774,289.0412732340001
7,0.4271251631286138,0.020741346586852633,0.9972954986544342,-1.1310360431671143,278.0192088170006
8,0.4134106753808458,0.02212519736707179,0.997423875351269,-0.19091475009918213,279.31776902100046
9,0.40206181046450534,0.022375638805649842,0.9960668050067073,-1.5661309361457825,317.07980274999954
10,0.39591675082131117,0.02014676243388101,0.9965210237813699,-0.8509358167648315,402.55994320100035
11,0.3886836152095014,0.017409057784617904,0.9976699710188498,0.15679368376731873,326.9348340860006
12,0.38111491398433284,0.020378862903911936,0.9959348589295178,1.1428476572036743,302.7179366950004
