face_size_bin,Accuracy,APCER,BPCER,ACER,AUC,confusion_matrix,N,N_real,N_attack,HTER,dataset,model,evaluation_unit
<48,0.0,1.0,,,,"[[0, 4], [0, 0]]",4,0,4,,lcc_fasd,E1,image
48–99,0.3787878787878788,0.6212121212121212,,,,"[[25, 41], [0, 0]]",66,0,66,,lcc_fasd,E1,image
100–139,0.5159817351598174,0.4840182648401826,,,,"[[113, 106], [0, 0]]",219,0,219,,lcc_fasd,E1,image
140–179,0.6680161943319838,0.34309623430962344,0.0,0.17154811715481172,0.9335774058577406,"[[157, 82], [0, 8]]",247,8,239,0.17154811715481172,lcc_fasd,E1,image
>=180,0.6221326720396776,0.3975395430579965,0.23097112860892388,0.3142553358334602,0.7527568280678448,"[[1714, 1131], [88, 293]]",3226,381,2845,0.3142553358334602,lcc_fasd,E1,image
<48,0.0,1.0,,,,"[[0, 4], [0, 0]]",4,0,4,,lcc_fasd,E3,image
48–99,0.4393939393939394,0.5606060606060606,,,,"[[29, 37], [0, 0]]",66,0,66,,lcc_fasd,E3,image
100–139,0.5616438356164384,0.4383561643835616,,,,"[[123, 96], [0, 0]]",219,0,219,,lcc_fasd,E3,image
140–179,0.7246963562753036,0.28451882845188287,0.0,0.14225941422594143,0.9220711297071129,"[[171, 68], [0, 8]]",247,8,239,0.14225941422594143,lcc_fasd,E3,image
>=180,0.662120272783633,0.34692442882249563,0.27034120734908135,0.30863281808578846,0.7433873489891093,"[[1858, 987], [103, 278]]",3226,381,2845,0.30863281808578846,lcc_fasd,E3,image
