split,metric,vanilla,csmr,delta_csmr_minus_vanilla
val,apcer,0.016666666666666666,0.016666666666666666,0.0
val,bpcer,0.013414634146341463,0.02195121951219512,0.008536585365853657
val,acer,0.015040650406504066,0.019308943089430895,0.00426829268292683
val,auc,0.9980531358885016,0.9981734538327527,0.00012031794425104714
test,apcer,0.39920386693204435,0.376741541086153,-0.022462325845891362
test,bpcer,0.014834794335805798,0.03236682400539447,0.017532029669588674
test,acer,0.20701933063392508,0.20455418254577373,-0.0024651480881513477
test,auc,0.9428405830000934,0.9409733399722493,-0.0018672430278441343
lcc,apcer,0.5650756003557664,0.4533056626148829,-0.11176993774088351
lcc,bpcer,0.13110539845758354,0.18251928020565553,0.05141388174807199
lcc,acer,0.34809049940667497,0.31791247141026924,-0.030178027996405732
lcc,auc,0.798376949265184,0.7945601582809808,-0.0038167909842031778
lcc,hter,0.34809049940667497,0.31791247141026924,-0.030178027996405732
