split,branch,class,n,recall,error
val,vanilla,Real,1640,0.9804878048780488,0.019512195121951237
val,vanilla,Physical,2306,0.9618386816999133,0.03816131830008673
val,vanilla,Digital,1054,0.8946869070208728,0.10531309297912717
val,csmr,Real,1640,0.9896341463414634,0.010365853658536595
val,csmr,Physical,2306,0.9397224631396357,0.0602775368603643
val,csmr,Digital,1054,0.7998102466793169,0.20018975332068312
test,vanilla,Real,1483,0.9777478084962913,0.022252191503708718
test,vanilla,Physical,2642,0.45533686601059803,0.5446631339894019
test,vanilla,Digital,875,0.8754285714285714,0.12457142857142856
test,csmr,Real,1483,0.9871881321645314,0.012811867835468616
test,csmr,Physical,2642,0.4401968205904618,0.5598031794095382
test,csmr,Digital,875,0.76,0.24
